{
  "hosting": {
    "public": ".",
    "ignore": [
      "firebase.json",
      "**/.*",
      "**/node_modules/**",
      "DEPLOYMENT_GUIDE.md",
      "FIREBASE_SETUP.md",
      "firestore.rules"
    ],
    "rewrites": [
      {
        "source": "**",
        "destination": "/index.html"
      }
    ],
    "headers": [
      {
        "source": "**/*.@(jpg|jpeg|gif|png)",
        "headers": [
          {
            "key": "Cache-Control",
            "value": "max-age=31536000"
          }
        ]
      },
      {
        "source": "**/*.@(js|css)",
        "headers": [
          {
            "key": "Cache-Control",
            "value": "max-age=604800"
          }
        ]
      }
    ]
  },
  "firestore": {
    "rules": "firestore.rules"
  }
}
